<?xml version="1.0" encoding="UTF-8" standalone="no"?>
<?xml-stylesheet href="D:\COLLEGE\YEAR2\SEM 2\Emerging\COURSWEORK\catalog_20049007.css" type="text/css"?>
<?xml-model href="catalog_20049007.xsd"?>
<Company xmlns:xlink="http://www.w3.org/1999/xlink">
    <heading>
        <![CDATA[BIRDE GIFT CARDS]]>

    </heading>
    <logo></logo>
    <List>
        <GCard id="gc1">
            <pic number="234"></pic>
            <Symbol symbol="amzn" />
            <cardname>AMAZON</cardname>
            <cardtype type="eshopping">CARD-TYPE:DIGITAL </cardtype>
            VALIDITY AS OF TODAY:
            <validity>2025-10-22</validity>
            <stock>IN STOCK:400</stock>
            <popularity>USERS: 1234</popularity>
            <denomination> AVAILABLE IN: </denomination>
            <money>
                EUROS
                <availability currency="€">€10</availability>
                <availability>$50</availability>
                <availability currency="€">€100</availability>
            </money>
            <refund>REFUND: ALLOWED</refund>
            SUPPORT:
            <email>primary@amazon.com</email>
            <redeem allowance="true">CASH REDEEMABLE </redeem>
        </GCard>
        <GCard id="gc2">
            <pic number="34"></pic>
            <Symbol symbol="valo" />
            <cardname>VALORANT</cardname>
            <cardtype type="game">CARD-TYPE: PHYSICAL </cardtype>
            VALIDITY AS OF TODAY:
            <validity>2023-11-22</validity>
            <stock>IN STOCK:500000</stock>
            <popularity>USERS: 12234</popularity>
            <denomination> AVAILABLE IN: </denomination>
            <money>
                DOLLAR
                <availability currency="$">$20</availability>
                <availability>$100</availability>
                <availability currency="$">$200</availability>
            </money>

            <vpoints>
                VALORANT POINTS
                <points>2000</points>
                <points>12500</points>
                <points>40000</points>
            </vpoints>
            <discount>Dicount: 10%</discount>
            SUPPORT:
            <email>support@riotgames.com</email>

        </GCard>
        <GCard id="gc3">
            <pic></pic>
            <Symbol symbol="itunes" />
            <cardname>ITUNES</cardname>
            <cardtype type="music">CARD-TYPE: DIGITAL </cardtype>
            VALIDITY AS OF TODAY:
            <validity>2024-06-22</validity>
            <stock>IN STOCK:400</stock>
            <popularity>USERS: 1234</popularity>
            <denomination> AVAILABLE IN: </denomination>
            <money>
                POUNDS
                <availability currency="£">£20</availability>
                <availability currency="£">£50</availability>
            </money>
            <discount>Discount:20%</discount>
            <refund>REFUND: ALLOWED</refund>
            SUPPORT:
            <email>support@Applecorp.com</email>

        </GCard>
        <GCard id="gc4">
            <pic></pic>
            <Symbol symbol="alibaba" />
            <cardname>ALIBABA</cardname>
            <cardtype type="eshopping">CARD-TYPE: DIGITAL </cardtype>
            <stock>IN STOCK:300</stock>
            <popularity>USERS: 334</popularity>
            <denomination> AVAILABLE IN: </denomination>
            <money>
                JAPANESE YEN
                <availability currency="¥">¥20</availability>
                <availability>¥50</availability>
                <availability currency="¥">¥500</availability>
            </money>
            <discount>Discount:13%</discount>
            SUPPORT:
            <email>support@alibaba.com</email>
            <redeem allowance="true">CASH REDEEMABLE </redeem>
        </GCard>
        <GCard id="gc5">
            <pic>4</pic>
            <Symbol symbol="fortnite" />
            <cardname>FORTNITE</cardname>
            <cardtype type="game">CARD-TYPE: PHYSICAL </cardtype>
            VALIDITY AS OF TODAY:
            <validity>2027-04-13</validity>
            <stock>IN STOCK:234000</stock>
            <popularity>USERS: 6786</popularity>
            <denomination> AVAILABLE IN: </denomination>
            <money>
                DOLLAR
                <availability currency="$">$20</availability>
                <availability>$100</availability>
                <availability currency="$">$200</availability>
            </money>
            <vpoints>
                FORTNITE V-BUCKS
                <points>2000</points>
                <points>12500</points>
                <points>40000</points>
            </vpoints>
            <discount>Dicount: 10%</discount>
            <refund>REFUND: ALLOWED</refund>
            SUPPORT:
            <email>support@epicgames.com</email>
            <redeem allowance="true">CASH REDEEMABLE </redeem>
        </GCard>
        <GCard id="gc6">
            <pic number="45" />
            <Symbol symbol="spotify" />
            <cardname>SPOTIFY</cardname>
            <cardtype type="music">CARD-TYPE:  DIGITAL </cardtype>
            <stock>IN STOCK:800</stock>
            <popularity>USERS: 789678</popularity>
            <denomination> AVAILABLE IN: </denomination>
            <money>
                POUNDS
                <availability currency="£">£20</availability>
                <availability currency="£">£50</availability>
            </money>
            <refund>REFUND: ALLOWED</refund>
            SUPPORT:
            <email>support@spotify.com</email>
            <redeem allowance="true">CASH REDEEMABLE </redeem>
        </GCard>
        <GCard id="gc7">
            <pic number="088" />
            <Symbol symbol="playstore" />
            <cardname>GOOGLE PLAY-STORE</cardname>
            <cardtype type="play/app store">CARD-TYPE: DIGITAL  </cardtype>
            VALIDITY AS OF TODAY:
            <validity>2022-12-30</validity>
            <stock>IN STOCK:400</stock>
            <popularity>USERS: 7895</popularity>
            <denomination> AVAILABLE IN: </denomination>
            <money>
                EUROS
                <availability currency="€">€10</availability>
                <availability>$50</availability>
                <availability currency="€">€100</availability>
            </money>
            SUPPORT:
            <email>support@google.com</email>

        </GCard>
        <GCard id="gc8">
            <pic />
            <Symbol symbol="steam" />
            <cardname>STEAM</cardname>
            <cardtype type="play/app store">CARD-TYPE :PHYSICAL </cardtype>
            VALIDITY AS OF TODAY:
            <validity>2022-12-25</validity>
            <stock>IN STOCK:1000</stock>
            <popularity>USERS: 2348</popularity>
            <denomination> AVAILABLE IN: </denomination>
            <money>
                DOLLAR
                <availability currency="$">$20</availability>
                <availability>$100</availability>
                <availability currency="$">$200</availability>
            </money>
            SUPPORT:
            <email>support@steampoweredstore.com</email>

        </GCard>
        <GCard id="gc9">
            <pic number="973" />
            <Symbol symbol="ebay" />
            <cardname>EBAY</cardname>
            <cardtype type="eshopping">CARD-TYPE: PHYSICAL </cardtype>
            <stock>IN STOCK:60000</stock>
            <popularity>USERS: 534</popularity>
            <denomination> AVAILABLE IN: </denomination>
            <money>
                POUNDS
                <availability currency="£">£20</availability>
                <availability currency="£">£50</availability>
            </money>
            SUPPORT:
            <email>support@ebay.com</email>
            <redeem allowance="false"></redeem>
        </GCard>
        <GCard id="gc10">
            <pic />
            <Symbol symbol="COD" />
            <cardname>CALL OF DUTY</cardname>
            <cardtype type="game">CARD-TYPE: DIGITAL </cardtype>
            VALIDITY AS OF TODAY:
            <validity>2025-10-22</validity>
            <stock>IN STOCK:5400</stock>
            <popularity>USERS: 567857</popularity>
            <denomination> AVAILABLE IN: </denomination>
            <money>
                EUROS
                <availability currency="€">€50</availability>
                <availability>$100</availability>
                <availability currency="€">€180</availability>
            </money>

            <vpoints>
                COD CASH
                <points>200000</points>
                <points>125000</points>
                <points>4000000</points>
            </vpoints>
            <discount>Dicount: 10%</discount>
            <refund>REFUND: ALLOWED</refund>
            SUPPORT:
            <email>support@battlenet.com</email>
            <redeem allowance="true">CASH REDEEMABLE </redeem>
        </GCard>
        <GCard id="gc11">
            <pic number="876" />
            <Symbol symbol="gta" />
            <cardname>GRAND THEFT AUTO</cardname>
            <cardtype type="game">CARD-TYPE: DIGITAL </cardtype>

            <stock>IN STOCK:5000</stock>
            <popularity>USERS: 12324</popularity>
            <denomination> AVAILABLE IN: </denomination>
            <money>
                DOLLAR
                <availability currency="$">$20</availability>
                <availability>$100</availability>
                <availability currency="$">$200</availability>
            </money>

            <vpoints>
                GTA CASH POINTS: N/A                
            </vpoints>
            SUPPORT:
            <email>support@rockstarcorp.com</email>
            <redeem allowance="true">CASH REDEEMABLE </redeem>
        </GCard>
        <GCard id="gc12">
            <pic number="74563" />
            <Symbol symbol="Daraz" />
            <cardname>DARAZ</cardname>
            <cardtype type="music">CARD-TYPE: PHYSICAL </cardtype>
            VALIDITY AS OF TODAY:
            <validity>2022-12-01</validity>
            <stock>IN STOCK:4000</stock>
            <popularity>USERS: 2500</popularity>
            <denomination> AVAILABLE IN: </denomination>
            <money>
                Rupees
                <availability currency="Rs.">₧.5000</availability>
                <availability currency="Rs.">₧.2000</availability>
            </money>

            <discount>Discount:20%</discount>
            <refund>REFUND: ALLOWED</refund>
            SUPPORT:
            <email>support@daraz.com</email>
            <redeem allowance="true">CASH REDEEMABLE </redeem>
        </GCard>
        <GCard id="gc13">
            <pic number="8998" />
            <Symbol symbol="NTFLX" />
            <cardname>NETFLIX</cardname>
            <cardtype type="eshopping">CARD-TYPE : PHYSICAL </cardtype>
            VALIDITY AS OF TODAY:
            <validity>2025-11-16</validity>
            <stock>IN STOCK:3250</stock>
            <popularity>USERS: 123456</popularity>
            <denomination> AVAILABLE IN: </denomination>
            <money>
                EUROS
                <availability>€5</availability>
                <availability currency="€">€10</availability>
                <availability currency="€">€20</availability>
            </money>
            <refund>REFUND: ALLOWED</refund>
            SUPPORT:
            <email>support@netflix.com</email>

        </GCard>
        <GCard id="gc14">
            <pic />
            <Symbol symbol="ADIDAS" />
            <cardname>ADIDAS</cardname>
            <cardtype type="eshopping">CARD-TYPE : PHYSICAL </cardtype>
            VALIDITY AS OF TODAY:
            <validity>2025-11-16</validity>
            <stock>IN STOCK:3250</stock>
            <popularity>USERS: 124534</popularity>
            <denomination> AVAILABLE IN: </denomination>
            <money>
                EUROS
                <availability>€5</availability>
                <availability currency="€">€100</availability>
                <availability currency="€">€200</availability>
            </money>
            <refund>REFUND: ALLOWED</refund>
            SUPPORT:
            <email>support@addidas.com</email>
            <redeem allowance="false"></redeem>
        </GCard>
        <GCard id="gc15">
            <pic number="8634" />
            <Symbol symbol="NIKE" />
            <cardname>NIKE</cardname>
            <cardtype type="eshopping">CARD-TYPE : PHYSICAL </cardtype>
            VALIDITY AS OF TODAY:
            <validity>2026-11-16</validity>
            <stock>IN STOCK:2300</stock>
            <popularity>USERS: 123784</popularity>
            <denomination> AVAILABLE IN: </denomination>
            <money>
                EUROS
                <availability>€75</availability>
                <availability currency="€">€100</availability>
                <availability currency="€">€200</availability>
            </money>
            <refund>REFUND: ALLOWED</refund>
            SUPPORT:
            <email>support@nike.com</email>
            <redeem allowance="false"></redeem>
        </GCard>
    </List>
    <footer>
        <email>salajsubedi11@gmail.com</email>
        <PhoneNo>9812345678</PhoneNo>
        <Addres>Based in Kathmandu, Nepal</Addres>
        <website>www.birdecards.com</website>
        <Rights>&#169;SALAJSUBEDI</Rights>
    </footer>
</Company>